[
  {
    "id": 1,
    "name": " LD01 LOUNGE CHAIR",
    "price": 200,
    "image": "./product01.png"
  },
  {
    "id": 2,
    "name": " LD02 LOUNGE CHAIR",
    "price": 250,
    "image": "./product02.png"
  },
  {
    "id": 3,
    "name": " LD03 LOUNGE CHAIR",
    "price": 290,
    "image": "./product03.png"
  },
  {
    "id": 4,
    "name": " LD04 LOUNGE CHAIR",
    "price": 200,
    "image": "./product04.png"
  },
  {
    "id": 5,
    "name": " cloudy T-shirt",
    "price": 300,
    "image": "./t1.png"
  },
  {
    "id": 6,
    "name": "Summer T-shirt",
    "price": 200,
    "image": "./t2.png"
  },
  {
    "id": 7,
    "name": " AmazeT-shirt",
    "price": 200,
    "image": "./t3.png"
  },
  {
    "id": 8,
    "name": " T-shirt ",
    "price": 200,
    "image": "./t4.png"
  },

  {
    "id": 9,
    "name": " sLD02 LOUNGE CHAIRk",
    "price": 100,
    "image": "./2.png"
  },
  {
    "id": 11,
    "name": " CHAIR",
    "price": 200,
    "image": "./3.png"
  },
  {
    "id": 12,
    "name": " CHAIR",
    "price": 200,
    "image": "./4.png"
  },
  {
    "id": 13,
    "name": " CHAIR",
    "price": 200,
    "image": "./5.png"
  }
]
